,date,name,qty,amt,S1,S2,S3,S4,dis_qty,inv_qty,ml_qty,auto_qty,ml_o_qty,auto_o_qty,HyperDisplayQty,S0,Frequency,Q_auto,ML_auto,autoMAPE,mlMAPE
756,2023-08-01,Кофе Jacobs monarch 12гр ширхэг жижиглэн RUS,11.0,4609.0,16.402721088435374,14.01530612244898,16.19455782312925,13.6,12,0.0,16.528352453102453,17.29972538708735,115.69846717171717,121.09807770961145,12.0,16.488633116511913,7,157.88633116511915,158.28352453102454,0.4989666469556285,0.5025774957365866
757,2023-08-02,Кофе Jacobs monarch 12гр ширхэг жижиглэн RUS,17.0,6963.0,16.34013605442177,16.647959183673468,17.80952380952381,13.269387755102041,12,0.0,20.985629925629933,16.77278195488722,146.89940947940954,117.40947368421052,12.0,18.141318422170468,7,174.41318422170468,202.85629925629934,0.28305151236518095,0.3685131574456443
758,2023-08-03,Кофе Jacobs monarch 12гр ширхэг жижиглэн RUS,20.0,7900.0,16.37687074829932,16.581632653061224,17.802721088435373,13.122448979591837,12,0.0,25.795710567210577,17.145502645502646,180.56997397047405,120.01851851851852,12.0,18.212508225685298,7,175.12508225685298,250.95710567210574,0.21849253781536568,0.34227061441727247
759,2023-08-04,Кофе Jacobs monarch 12гр ширхэг жижиглэн RUS,26.0,10534.0,16.2,17.48469387755102,18.05170068027211,13.11156462585034,12,0.0,23.91075575813076,17.027311827956986,167.37529030691533,119.1911827956989,12.0,18.561757342555158,7,178.61757342555157,232.10755758130762,0.23539096737541698,0.2767918477540047
760,2023-08-05,Кофе Jacobs monarch 12гр ширхэг жижиглэн RUS,2.0,838.0,15.457142857142857,17.836734693877553,18.05442176870748,13.062585034013605,12,0.0,6.070974525474523,16.855238095238096,42.49682167832166,117.98666666666668,12.0,18.215900512064007,7,175.15900512064007,53.70974525474523,1.8099028251067342,0.628530930750656
761,2023-08-06,Кофе Jacobs monarch 12гр ширхэг жижиглэн RUS,10.0,3790.0,15.17687074829932,17.775510204081634,17.55374149659864,12.631292517006802,12,0.0,6.334001887001889,16.372416891284814,44.33801320901322,114.6069182389937,12.0,18.034611957665444,7,173.34611957665444,56.34001887001889,1.642162553550036,0.5848757441755152
762,2023-08-07,Кофе Jacobs monarch 12гр ширхэг жижиглэн RUS,29.0,11671.0,16.05442176870748,17.4515306122449,17.398639455782313,12.476190476190476,12,0.0,27.381967664688258,16.48853526220615,191.6737736528178,115.41974683544305,12.0,18.539191425752414,7,178.39191425752415,266.81967664688256,1.4590989797633196,0.5092926690731596
763,2023-08-08,Кофе Jacobs monarch 12гр ширхэг жижиглэн RUS,13.0,5287.0,16.006802721088434,18.71938775510204,18.285714285714285,13.289795918367346,12,0.0,25.72487928737929,17.86029117379436,180.07415501165505,125.0220382165605,12.0,18.93168363168363,7,182.3168363168363,250.24879287379292,1.333747026828324,0.5679856939715078
764,2023-08-09,Кофе Jacobs monarch 12гр ширхэг жижиглэн RUS,17.0,6803.0,16.008163265306123,21.456632653061224,18.02312925170068,14.92108843537415,12,0.0,22.65053928832605,16.072507534659433,158.55377501828235,112.50755274261603,12.0,18.980931193394653,7,182.80931193394653,219.50539288326053,1.1985001754382139,0.5418078017545824
765,2023-08-10,Кофе Jacobs monarch 12гр ширхэг жижиглэн RUS,25.0,9915.0,16.021768707482995,18.632653061224488,16.974149659863947,14.628571428571428,12,0.0,25.06055704752764,15.007359307359303,175.42389933269348,105.05151515151512,12.0,17.70131453474247,7,170.01314534742468,243.6055704752764,1.1078448997554227,0.4878692497692347
766,2023-08-11,Кофе Jacobs monarch 12гр ширхэг жижиглэн RUS,30.0,12210.0,16.14965986394558,18.95408163265306,17.110204081632652,15.210884353741497,12,0.0,22.18356854256854,14.644050632911393,155.2849797979798,102.50835443037975,12.0,17.70100154551982,7,170.0100154551982,214.8356854256854,1.0444014193366877,0.4672036557218238
767,2023-08-12,Кофе Jacobs monarch 12гр ширхэг жижиглэн RUS,2.0,838.0,15.484353741496598,18.181122448979593,16.771428571428572,15.472108843537415,12,0.0,7.157134115884117,15.3825,50.099938811188814,107.67750000000001,12.0,16.751429691556538,7,160.51429691556538,64.57134115884116,1.5720108715401528,0.6431506059068434
768,2023-08-13,Кофе Jacobs monarch 12гр ширхэг жижиглэн RUS,4.0,1676.0,15.54829931972789,17.071428571428573,16.295238095238094,15.58095238095238,12,0.0,8.313664488289488,13.788872814948762,58.195651418026415,96.52210970464134,12.0,16.240022412387937,7,155.40022412387935,76.13664488289488,1.6864720047368325,0.6766325686888072
769,2023-08-14,Кофе Jacobs monarch 12гр ширхэг жижиглэн RUS,23.0,9477.0,15.931972789115646,16.132653061224488,16.059863945578233,15.531972789115645,12,0.0,28.740863886113903,14.327619047619049,201.1860472027973,100.29333333333334,12.0,16.156668883390775,7,154.56668883390776,280.408638861139,1.5872622997916837,0.6461304407579728
770,2023-08-15,Кофе Jacobs monarch 12гр ширхэг жижиглэн RUS,15.0,6125.0,15.874829931972789,17.716836734693878,16.789115646258505,16.19455782312925,12,0.0,26.50017349317349,15.218165548098431,185.50121445221444,106.52715883668903,12.0,16.62256574544461,7,159.2256574544461,258.0017349317349,1.4886562164519919,0.6541669602326567
771,2023-08-16,Кофе Jacobs monarch 12гр ширхэг жижиглэн RUS,38.0,15082.0,15.382312925170067,17.443877551020407,16.80544217687075,17.80952380952381,12,0.0,22.426946525696525,13.819099099099097,156.98862567987567,96.73369369369368,12.0,15.705742244949926,7,150.05742244949926,217.26946525696525,1.4322833900208642,0.6388951000113781
772,2023-08-17,Кофе Jacobs monarch 12гр ширхэг жижиглэн RUS,23.0,9037.0,15.54421768707483,15.081632653061224,15.402721088435374,17.802721088435373,12,0.0,23.02895554445555,15.489044423138385,161.20268881118884,108.4233109619687,12.0,14.795491852071361,7,140.95491852071362,223.2895554445555,1.3690148226997614,0.6013870904057358
773,2023-08-18,Кофе Jacobs monarch 12гр ширхэг жижиглэн RUS,15.0,6125.0,15.533333333333333,15.283163265306122,16.55374149659864,18.05170068027211,12,0.0,21.802024309024308,16.573070607553362,152.61417016317014,116.01149425287353,12.0,15.077815865342217,7,143.77815865342217,211.02024309024307,1.2932466505695606,0.5931693791203219
774,2023-08-19,Кофе Jacobs monarch 12гр ширхэг жижиглэн RUS,11.0,4409.0,14.929251700680272,15.084183673469388,16.8,18.05442176870748,12,0.0,6.659053016428016,16.865476190476187,46.61337111499611,118.05833333333331,12.0,14.661316431621632,7,139.6131643162163,59.59053016428017,1.2426992978200702,0.5827200193750992
775,2023-08-20,Кофе Jacobs monarch 12гр ширхэг жижиглэн RUS,7.0,2773.0,14.9578231292517,14.53826530612245,16.36190476190476,17.55374149659864,12,0.0,7.957784687534688,16.975563298490126,55.704492812742814,118.82894308943088,12.0,14.535826800569861,7,138.35826800569862,72.57784687534688,1.2343916672188513,0.5604253376030206
776,2023-08-21,Кофе Jacobs monarch 12гр ширхэг жижиглэн RUS,26.0,10494.0,15.672108843537416,14.974489795918368,16.518367346938774,17.398639455782313,12,0.0,30.37427742682154,18.01238095238095,212.61994198775076,126.08666666666666,12.0,15.235535948348687,7,145.35535948348686,296.7427742682154,1.1953262472627362,0.5417499138835022
777,2023-08-22,Кофе Jacobs monarch 12гр ширхэг жижиглэн RUS,22.0,8698.0,15.710204081632654,16.308673469387756,17.13469387755102,18.285714285714285,12,0.0,25.91865634365633,19.56392566782811,181.43059440559432,136.94747967479677,12.0,15.581773073068511,7,148.81773073068513,252.1865634365633,1.1542540354593298,0.5252213152021371
778,2023-08-23,Кофе Jacobs monarch 12гр ширхэг жижиглэн RUS,20.0,7940.0,15.55374149659864,15.943877551020408,16.9156462585034,18.02312925170068,12,0.0,22.84561077158136,19.25352380952381,159.9192754010695,134.77466666666666,12.0,15.376867094539183,7,146.76867094539182,221.4561077158136,1.1141193663207958,0.5085717162185254
779,2023-08-24,Кофе Jacobs monarch 12гр ширхэг жижиглэн RUS,12.0,4828.0,15.372789115646258,16.543367346938776,17.04625850340136,16.974149659863947,12,0.0,20.421904309742548,19.92631421072366,142.95333016819782,139.48419947506562,12.0,15.745046228895532,7,150.45046228895532,197.21904309742547,1.0807013587966499,0.5166239513404707
780,2023-08-25,Кофе Jacobs monarch 12гр ширхэг жижиглэн RUS,15.0,6085.0,15.26530612244898,17.84438775510204,17.368707482993198,17.110204081632652,12,0.0,20.94200244037009,19.30958525345622,146.59401708259063,135.16709677419354,12.0,16.119909278119643,7,154.19909278119644,202.4200244037009,1.0404597291864361,0.5118043331278388
781,2023-08-26,Кофе Jacobs monarch 12гр ширхэг жижиглэн RUS,6.0,2514.0,14.526530612244898,18.372448979591837,18.077551020408162,16.771428571428572,12,0.0,5.48069316794317,18.44980392156863,38.36485217560219,129.14862745098043,12.0,16.109548055289284,7,154.09548055289284,47.8069316794317,1.0652468425208634,0.49544844103354263
782,2023-08-27,Кофе Jacobs monarch 12гр ширхэг жижиглэн RUS,1.0,419.0,14.52108843537415,17.413265306122447,17.722448979591835,16.295238095238094,12,0.0,7.05288036963037,17.49190476190476,49.37016258741259,122.44333333333331,12.0,15.846281330600203,7,151.46281330600203,63.5288036963037,1.5756555272645427,0.7012792532037955
783,2023-08-28,Кофе Jacobs monarch 12гр ширхэг жижиглэн RUS,33.0,13067.0,14.834013605442177,17.489795918367346,17.538775510204083,16.059863945578233,12,0.0,23.576239343989347,16.937704693388145,165.03367540792541,118.56393285371702,12.0,16.113925395980147,7,154.13925395980147,228.76239343989346,1.5376570880916964,0.6864324407582169
784,2023-08-29,Кофе Jacobs monarch 12гр ширхэг жижиглэн RUS,21.0,8479.0,14.99047619047619,18.147959183673468,17.810884353741496,16.789115646258505,12,0.0,25.03744869019869,17.550066225165562,175.26214083139084,122.85046357615893,12.0,16.269061056351227,7,155.69061056351228,243.3744869019869,1.4924028025313074,0.669391993195452
785,2023-08-30,Кофе Jacobs monarch 12гр ширхэг жижиглэн RUS,21.0,8439.0,14.844897959183674,17.95408163265306,18.337414965986394,16.80544217687075,12,0.0,18.334379037629045,17.988744588744588,128.3406532634033,125.92121212121211,12.0,16.268657657687427,7,155.68657657687427,176.34379037629046,1.4501661096569505,0.6513100711403194
786,2023-08-31,Кофе Jacobs monarch 12гр ширхэг жижиглэн RUS,22.0,8898.0,14.685714285714285,17.895408163265305,18.759183673469387,15.402721088435374,12,0.0,20.74560744810744,17.85552380952381,145.21925213675206,124.98866666666666,12.0,16.818518357612454,7,161.18518357612453,200.45607448107438,1.4109840381465906,0.632139354112175
787,2023-09-01,Кофе Jacobs monarch 12гр ширхэг жижиглэн RUS,29.0,11391.0,14.94829931972789,18.767857142857142,18.68027210884354,16.55374149659864,12,0.0,21.66666211566212,16.649206349206345,151.66663480963484,116.54444444444442,12.0,16.8174549229571,7,161.174549229571,209.6666211566212,1.3800185294944267,0.620287303050844
788,2023-09-02,Кофе Jacobs monarch 12гр ширхэг жижиглэн RUS,0.0,0.0,14.956462585034014,18.14030612244898,17.454421768707483,16.8,12,0.0,6.734775280275281,16.464699915469144,47.14342696192697,115.25289940828401,12.0,16.12360513228615,7,154.2360513228615,60.34775280275281,inf,inf
789,2023-09-03,Кофе Jacobs monarch 12гр ширхэг жижиглэн RUS,2.0,838.0,14.85578231292517,16.81377551020408,16.625850340136054,16.36190476190476,12,0.0,6.494569708069707,15.710750605326876,45.46198795648795,109.97525423728813,12.0,15.524550780565011,7,148.2455078056501,57.94569708069707,inf,inf
790,2023-09-04,Кофе Jacobs monarch 12гр ширхэг жижиглэн RUS,27.0,10753.0,15.69795918367347,16.744897959183675,16.64761904761905,16.518367346938774,12,0.0,29.63577605727606,15.245082872928176,207.4504324009324,106.71558011049723,12.0,16.05134808853119,7,153.51348088531188,289.35776057276064,inf,inf
791,2023-09-05,Кофе Jacobs monarch 12гр ширхэг жижиглэн RUS,15.0,6125.0,16.005442176870748,17.397959183673468,16.929251700680272,17.13469387755102,12,0.0,27.538308053058064,15.185729646697387,192.76815637140643,106.30010752688172,12.0,16.360617673462905,7,156.60617673462906,268.3830805305806,inf,inf
792,2023-09-06,Кофе Jacobs monarch 12гр ширхэг жижиглэн RUS,12.0,4708.0,15.727891156462585,18.56377551020408,16.797278911564625,16.9156462585034,12,0.0,17.060108114108118,13.85186813186813,119.42075679875683,96.96307692307691,12.0,16.539686419890888,7,158.39686419890887,163.60108114108118,inf,inf
793,2023-09-07,Кофе Jacobs monarch 12гр ширхэг жижиглэн RUS,22.0,9058.0,16.266666666666666,19.400510204081634,16.737414965986396,17.04625850340136,12,0.0,18.117231101414923,13.2255981416957,126.82061770990447,92.5791869918699,12.0,17.10137039076146,7,164.0137039076146,174.17231101414922,inf,inf
794,2023-09-08,Кофе Jacobs monarch 12гр ширхэг жижиглэн RUS,30.0,12010.0,16.804081632653062,19.607142857142858,16.51156462585034,17.368707482993198,12,0.0,19.386838702963697,13.43859943977591,135.70787092074588,94.07019607843137,12.0,17.354717217609274,7,166.54717217609274,186.86838702963698,inf,inf
795,2023-09-09,Кофе Jacobs monarch 12гр ширхэг жижиглэн RUS,0.0,0.0,17.25170068027211,18.005102040816325,15.751020408163265,18.077551020408162,12,0.0,7.651648462648463,14.75186147186147,53.56153923853924,103.26303030303029,12.0,16.782559099503427,7,160.82559099503428,69.51648462648464,inf,inf
796,2023-09-10,Кофе Jacobs monarch 12гр ширхэг жижиглэн RUS,8.0,3112.0,17.3265306122449,15.650510204081632,14.579591836734695,17.722448979591835,12,0.0,6.371024614274615,13.63966958211856,44.597172299922306,95.47768707482992,12.0,15.99109716203386,7,152.91097162033861,56.71024614274616,inf,inf
797,2023-09-11,Кофе Jacobs monarch 12гр ширхэг жижиглэн RUS,57.0,22643.0,17.785034013605443,15.39795918367347,14.428571428571429,17.538775510204083,12,0.0,30.206087412587408,13.683420126671356,211.44261188811186,95.7839408866995,12.0,16.249741569422742,7,155.4974156942274,295.0608741258741,inf,inf
798,2023-09-12,Кофе Jacobs monarch 12гр ширхэг жижиглэн RUS,30.0,11730.0,17.91156462585034,16.346938775510203,14.92517006802721,17.810884353741496,12,0.0,37.5041020923521,17.313159294174522,262.52871464646466,121.19211505922165,12.0,16.647618995654174,7,159.47618995654173,368.041020923521,inf,inf
799,2023-09-13,Кофе Jacobs monarch 12гр ширхэг жижиглэн RUS,11.0,4609.0,17.629931972789116,16.247448979591837,14.771428571428572,18.337414965986394,12,0.0,26.20440415140415,17.740031225604994,183.43082905982905,124.18021857923496,12.0,16.267318761085086,7,155.67318761085085,255.0440415140415,inf,inf
800,2023-09-14,Кофе Jacobs monarch 12гр ширхэг жижиглэн RUS,22.0,9058.0,17.52108843537415,14.954081632653061,14.040816326530612,18.759183673469387,12,0.0,20.250934878846653,16.72625850340136,141.75654415192656,117.08380952380952,12.0,15.622597467185308,7,149.22597467185307,195.50934878846653,inf,inf
801,2023-09-15,Кофе Jacobs monarch 12гр ширхэг жижиглэн RUS,33.0,13107.0,17.857142857142858,13.681122448979592,13.30748299319728,18.68027210884354,12,0.0,27.618693667443672,17.312945924132364,193.3308556721057,121.19062146892655,12.0,15.42385415892504,7,147.23854158925042,269.1869366744367,inf,inf
802,2023-09-16,Кофе Jacobs monarch 12гр ширхэг жижиглэн RUS,21.0,8399.0,16.889795918367348,13.275510204081632,13.168707482993197,17.454421768707483,12,0.0,14.499017538017537,18.199686147186146,101.49312276612275,127.39780303030302,12.0,14.82761971044556,7,141.2761971044556,137.99017538017537,inf,inf
803,2023-09-17,Кофе Jacobs monarch 12гр ширхэг жижиглэн RUS,8.0,3032.0,16.250340136054422,12.75,13.017687074829931,16.625850340136054,12,0.0,10.896590326340329,17.7995670995671,76.2761322843823,124.5969696969697,12.0,14.37013171225937,7,136.7013171225937,101.96590326340329,inf,inf
804,2023-09-18,Кофе Jacobs monarch 12гр ширхэг жижиглэн RUS,28.0,11092.0,17.13061224489796,12.693877551020408,12.953741496598639,16.64761904761905,12,0.0,26.412697552447547,18.08635287641068,184.88888286713282,126.60447013487476,12.0,14.954612818648217,7,142.54612818648218,257.1269755244755,inf,inf
805,2023-09-19,Кофе Jacobs monarch 12гр ширхэг жижиглэн RUS,22.0,8898.0,16.72517006802721,13.51530612244898,13.606802721088435,16.929251700680272,12,0.0,25.92408413808413,22.4669387755102,181.4685889665889,157.26857142857142,12.0,14.96647727788375,7,142.6647727788375,252.2408413808413,inf,inf
806,2023-09-20,Кофе Jacobs monarch 12гр ширхэг жижиглэн RUS,5.0,1935.0,16.21360544217687,13.35204081632653,13.53061224489796,16.797278911564625,12,0.0,21.565809329559325,23.433905930470345,150.96066530691527,164.0373415132924,12.0,14.576140833297519,7,138.76140833297518,208.65809329559326,inf,inf
807,2023-09-21,Кофе Jacobs monarch 12гр ширхэг жижиглэн RUS,6.0,2514.0,16.503401360544217,13.395408163265307,13.814965986394558,16.737414965986396,12,0.0,21.95828110778111,26.020751879699247,153.70796775446777,182.14526315789473,12.0,14.86932879394645,7,141.69328793946448,212.58281107781113,inf,inf
808,2023-09-22,Кофе Jacobs monarch 12гр ширхэг жижиглэн RUS,24.0,9376.0,16.197278911564627,12.96938775510204,13.795918367346939,16.51156462585034,12,0.0,24.39406798756798,26.211328671328676,170.75847591297585,183.47930069930072,12.0,14.588991542562972,7,138.88991542562974,236.9406798756798,inf,inf
809,2023-09-23,Кофе Jacobs monarch 12гр ширхэг жижиглэн RUS,6.0,2354.0,15.198639455782313,13.339285714285714,13.812244897959184,15.751020408163265,12,0.0,8.12851334776335,25.595333333333333,56.89959343434345,179.16733333333332,12.0,14.148257999234936,7,134.48257999234937,74.28513347763351,inf,inf
810,2023-09-24,Кофе Jacobs monarch 12гр ширхэг жижиглэн RUS,5.0,2095.0,14.236734693877551,12.880102040816327,13.606802721088435,14.579591836734695,12,0.0,5.992932123432126,24.77021164021164,41.95052486402488,173.3914814814815,12.0,13.571926506044747,7,128.71926506044747,52.92932123432126,inf,inf
811,2023-09-25,Кофе Jacobs monarch 12гр ширхэг жижиглэн RUS,14.0,5506.0,14.963265306122448,12.60204081632653,13.706122448979592,14.428571428571429,12,0.0,14.60717818292819,26.478433583959895,102.25024728049732,185.34903508771927,12.0,14.065599976907311,7,133.6559997690731,139.0717818292819,inf,inf
812,2023-09-26,Кофе Jacobs monarch 12гр ширхэг жижиглэн RUS,17.0,7123.0,14.93061224489796,13.857142857142858,14.208163265306123,14.92517006802721,12,0.0,14.524775294150292,24.175238095238093,101.67342705905205,169.22666666666666,12.0,14.408861830967576,7,137.08861830967575,138.2477529415029,inf,inf
813,2023-09-27,Кофе Jacobs monarch 12гр ширхэг жижиглэн RUS,12.0,4868.0,14.731972789115646,13.732142857142858,14.3578231292517,14.771428571428572,12,0.0,12.210209373959376,20.102857142857143,85.47146561771564,140.72,12.0,14.31667229174068,7,136.1667229174068,115.10209373959376,inf,inf
814,2023-09-28,Кофе Jacobs monarch 12гр ширхэг жижиглэн RUS,26.0,10494.0,14.893877551020408,14.454081632653061,14.453061224489796,14.040816326530612,12,0.0,19.79272349709114,20.899089026915117,138.54906447963796,146.29362318840583,12.0,14.889252343379212,7,141.89252343379212,190.9272349709114,inf,inf
815,2023-09-29,Кофе Jacobs monarch 12гр ширхэг жижиглэн RUS,18.0,7382.0,15.046258503401361,14.494897959183673,14.69795918367347,13.30748299319728,12,0.0,18.281942472560125,22.198090659340657,127.97359730792087,155.3866346153846,12.0,15.335214486367086,7,146.35214486367084,175.81942472560127,inf,inf
2116,2023-08-01,Цай Хаан1ш жижиглэнгийн  ууттай MNG,28.0,9502.0,16.402721088435374,14.01530612244898,16.19455782312925,13.6,12,0.0,41.29444893994892,13.68162601626016,289.0611425796425,95.77138211382112,7.0,16.488633116511913,7,157.88633116511915,405.9444893994892,inf,inf
2117,2023-08-02,Цай Хаан1ш жижиглэнгийн  ууттай MNG,15.0,5235.0,16.34013605442177,16.647959183673468,17.80952380952381,13.269387755102041,12,0.0,45.42329179154181,13.22734693877551,317.9630425407926,92.59142857142857,7.0,18.141318422170468,7,174.41318422170468,447.23291791541806,inf,inf
2118,2023-08-03,Цай Хаан1ш жижиглэнгийн  ууттай MNG,8.0,2552.0,16.37687074829932,16.581632653061224,17.802721088435373,13.122448979591837,12,0.0,24.49522688422688,12.104285714285712,171.46658818958815,84.72999999999999,7.0,18.212508225685298,7,175.12508225685298,237.9522688422688,inf,inf
2119,2023-08-04,Цай Хаан1ш жижиглэнгийн  ууттай MNG,13.0,4417.0,16.2,17.48469387755102,18.05170068027211,13.11156462585034,12,0.0,17.208021747859977,11.897681940700808,120.45615223501984,83.28377358490566,7.0,18.561757342555158,7,178.61757342555157,165.08021747859976,inf,inf
2120,2023-08-05,Цай Хаан1ш жижиглэнгийн  ууттай MNG,3.0,1047.0,15.457142857142857,17.836734693877553,18.05442176870748,13.062585034013605,12,0.0,9.28037026862027,11.563492063492063,64.96259188034189,80.94444444444444,7.0,18.215900512064007,7,175.15900512064007,85.80370268620271,inf,inf
2121,2023-08-06,Цай Хаан1ш жижиглэнгийн  ууттай MNG,7.0,2443.0,15.17687074829932,17.775510204081634,17.55374149659864,12.631292517006802,12,0.0,6.820220501720502,10.543857745629897,47.74154351204352,73.80700421940928,7.0,18.034611957665444,7,173.34611957665444,61.20220501720502,inf,inf
2122,2023-08-07,Цай Хаан1ш жижиглэнгийн  ууттай MNG,11.0,3839.0,16.05442176870748,17.4515306122449,17.398639455782313,12.476190476190476,12,0.0,15.26992651792652,10.396054421768708,106.88948562548563,72.77238095238096,7.0,18.539191425752414,7,178.39191425752415,145.69926517926518,inf,inf
2123,2023-08-08,Цай Хаан1ш жижиглэнгийн  ууттай MNG,14.0,4736.0,16.006802721088434,18.71938775510204,18.285714285714285,13.289795918367346,12,0.0,15.991596153846158,10.8577212971078,111.9411730769231,76.0040490797546,7.0,18.93168363168363,7,182.3168363168363,152.91596153846157,inf,inf
2124,2023-08-09,Цай Хаан1ш жижиглэнгийн  ууттай MNG,15.0,4965.0,16.008163265306123,21.456632653061224,18.02312925170068,14.92108843537415,12,0.0,11.892609251859254,11.444886128364388,83.24826476301477,80.11420289855072,7.0,18.980931193394653,7,182.80931193394653,111.92609251859254,inf,inf
2125,2023-08-10,Цай Хаан1ш жижиглэнгийн  ууттай MNG,14.0,4766.0,16.021768707482995,18.632653061224488,16.974149659863947,14.628571428571428,12,0.0,11.286761460761468,11.568049155145928,79.00733022533028,80.9763440860215,7.0,17.70131453474247,7,170.01314534742468,105.86761460761468,inf,inf
2126,2023-08-11,Цай Хаан1ш жижиглэнгийн  ууттай MNG,16.0,5374.0,16.14965986394558,18.95408163265306,17.110204081632652,15.210884353741497,12,0.0,11.489244893994892,11.90754716981132,80.42471425796424,83.35283018867923,7.0,17.70100154551982,7,170.0100154551982,107.89244893994892,inf,inf
2127,2023-08-12,Цай Хаан1ш жижиглэнгийн  ууттай MNG,2.0,698.0,15.484353741496598,18.181122448979593,16.771428571428572,15.472108843537415,12,0.0,7.172837995337996,11.44982422499201,50.20986596736597,80.14876957494407,7.0,16.751429691556538,7,160.51429691556538,64.72837995337997,inf,inf
2128,2023-08-13,Цай Хаан1ш жижиглэнгийн  ууттай MNG,6.0,1974.0,15.54829931972789,17.071428571428573,16.295238095238094,15.58095238095238,12,0.0,6.052887016578193,11.219824561403508,42.37020911604735,78.53877192982455,7.0,16.240022412387937,7,155.40022412387935,53.52887016578193,inf,inf
2129,2023-08-14,Цай Хаан1ш жижиглэнгийн  ууттай MNG,6.0,2094.0,15.931972789115646,16.132653061224488,16.059863945578233,15.531972789115645,12,0.0,14.01153278665778,10.69142857142857,98.08072950660446,74.83999999999999,7.0,16.156668883390775,7,154.56668883390776,133.1153278665778,inf,inf
2130,2023-08-15,Цай Хаан1ш жижиглэнгийн  ууттай MNG,8.0,2792.0,15.874829931972789,17.716836734693878,16.789115646258505,16.19455782312925,12,0.0,18.963054176215945,10.488347338935574,132.74137923351162,73.41843137254902,7.0,16.62256574544461,7,159.2256574544461,182.63054176215945,inf,inf
2131,2023-08-16,Цай Хаан1ш жижиглэнгийн  ууттай MNG,31.0,10020.0,15.382312925170067,17.443877551020407,16.80544217687075,17.80952380952381,12,0.0,18.69020521961698,10.92128955930198,130.83143653731887,76.44902691511386,7.0,15.705742244949926,7,150.05742244949926,179.90205219616982,inf,inf
2132,2023-08-17,Цай Хаан1ш жижиглэнгийн  ууттай MNG,20.0,6680.0,15.54421768707483,15.081632653061224,15.402721088435374,17.802721088435373,12,0.0,18.8107784992785,12.65714916430148,131.67544949494948,88.60004415011036,7.0,14.795491852071361,7,140.95491852071362,181.10778499278499,inf,inf
2133,2023-08-18,Цай Хаан1ш жижиглэнгийн  ууттай MNG,4.0,1396.0,15.533333333333333,15.283163265306122,16.55374149659864,18.05170068027211,12,0.0,11.47682961482962,13.74436974789916,80.33780730380734,96.21058823529413,7.0,15.077815865342217,7,143.77815865342217,107.7682961482962,inf,inf
2134,2023-08-19,Цай Хаан1ш жижиглэнгийн  ууттай MNG,3.0,1047.0,14.929251700680272,15.084183673469388,16.8,18.05442176870748,12,0.0,5.9878794816294825,13.431165845648604,41.915156371406376,94.01816091954022,7.0,14.661316431621632,7,139.6131643162163,52.87879481629483,inf,inf
2135,2023-08-20,Цай Хаан1ш жижиглэнгийн  ууттай MNG,2.0,698.0,14.9578231292517,14.53826530612245,16.36190476190476,17.55374149659864,12,0.0,6.086996312511018,13.868075117370893,42.608974187577125,97.07652582159625,7.0,14.535826800569861,7,138.35826800569862,53.86996312511018,inf,inf
2136,2023-08-21,Цай Хаан1ш жижиглэнгийн  ууттай MNG,13.0,4537.0,15.672108843537416,14.974489795918368,16.518367346938774,17.398639455782313,12,0.0,20.34325387112887,14.67681818181818,142.4027770979021,102.73772727272727,7.0,15.235535948348687,7,145.35535948348686,196.4325387112887,inf,inf
2137,2023-08-22,Цай Хаан1ш жижиглэнгийн  ууттай MNG,27.0,9183.0,15.710204081632654,16.308673469387756,17.13469387755102,18.285714285714285,12,0.0,18.57881701631701,16.206976744186047,130.05171911421908,113.44883720930233,7.0,15.581773073068511,7,148.81773073068513,178.7881701631701,inf,inf
2138,2023-08-23,Цай Хаан1ш жижиглэнгийн  ууттай MNG,26.0,8894.0,15.55374149659864,15.943877551020408,16.9156462585034,18.02312925170068,12,0.0,17.953751720501728,16.35084249084249,125.6762620435121,114.45589743589741,7.0,15.376867094539183,7,146.76867094539182,172.53751720501728,inf,inf
2139,2023-08-24,Цай Хаан1ш жижиглэнгийн  ууттай MNG,16.0,5404.0,15.372789115646258,16.543367346938776,17.04625850340136,16.974149659863947,12,0.0,11.51154906204906,15.168273809523807,80.58084343434342,106.17791666666665,7.0,15.745046228895532,7,150.45046228895532,108.11549062049059,inf,inf
2140,2023-08-25,Цай Хаан1ш жижиглэнгийн  ууттай MNG,8.0,2792.0,15.26530612244898,17.84438775510204,17.368707482993198,17.110204081632652,12,0.0,12.703392246642252,14.277053009883195,88.92374572649577,99.93937106918237,7.0,16.119909278119643,7,154.19909278119644,120.03392246642252,inf,inf
2141,2023-08-26,Цай Хаан1ш жижиглэнгийн  ууттай MNG,4.0,1396.0,14.526530612244898,18.372448979591837,18.077551020408162,16.771428571428572,12,0.0,7.78909226884227,14.676968160045082,54.523645881895895,102.73877712031558,7.0,16.109548055289284,7,154.09548055289284,70.8909226884227,inf,inf
2142,2023-08-27,Цай Хаан1ш жижиглэнгийн  ууттай MNG,9.0,2991.0,14.52108843537415,17.413265306122447,17.722448979591835,16.295238095238094,12,0.0,8.11980122655123,13.800728291316524,56.83860858585861,96.60509803921568,7.0,15.846281330600203,7,151.46281330600203,74.1980122655123,inf,inf
2143,2023-08-28,Цай Хаан1ш жижиглэнгийн  ууттай MNG,23.0,8027.0,14.834013605442177,17.489795918367346,17.538775510204083,16.059863945578233,12,0.0,24.822962010212,13.872578397212544,173.760734071484,97.1080487804878,7.0,16.113925395980147,7,154.13925395980147,241.22962010211998,inf,inf
2144,2023-08-29,Цай Хаан1ш жижиглэнгийн  ууттай MNG,16.0,5464.0,14.99047619047619,18.147959183673468,17.810884353741496,16.789115646258505,12,0.0,17.68948154623156,13.788333333333334,123.8263708236209,96.51833333333335,7.0,16.269061056351227,7,155.69061056351228,169.8948154623156,inf,inf
2145,2023-08-30,Цай Хаан1ш жижиглэнгийн  ууттай MNG,21.0,7089.0,14.844897959183674,17.95408163265306,18.337414965986394,16.80544217687075,12,0.0,15.877504745254743,13.933720930232557,111.1425332167832,97.5360465116279,7.0,16.268657657687427,7,155.68657657687427,151.77504745254743,inf,inf
2146,2023-08-31,Цай Хаан1ш жижиглэнгийн  ууттай MNG,12.0,4188.0,14.685714285714285,17.895408163265305,18.759183673469387,15.402721088435374,12,0.0,12.070605699855705,14.441498127340823,84.49423989898993,101.09048689138577,7.0,16.818518357612454,7,161.18518357612453,113.70605699855705,inf,inf
2147,2023-09-01,Цай Хаан1ш жижиглэнгийн  ууттай MNG,10.0,3370.0,14.94829931972789,18.767857142857142,18.68027210884354,16.55374149659864,12,0.0,16.01589346764347,12.521346297681376,112.11125427350429,87.64942408376963,7.0,16.8174549229571,7,161.174549229571,153.15893467643468,inf,inf
2148,2023-09-02,Цай Хаан1ш жижиглэнгийн  ууттай MNG,4.0,1396.0,14.956462585034014,18.14030612244898,17.454421768707483,16.8,12,0.0,10.30717193917194,11.24390770741286,72.15020357420359,78.70735395189003,7.0,16.12360513228615,7,154.2360513228615,96.0717193917194,inf,inf
2149,2023-09-03,Цай Хаан1ш жижиглэнгийн  ууттай MNG,10.0,3370.0,14.85578231292517,16.81377551020408,16.625850340136054,16.36190476190476,12,0.0,6.425957320457322,11.192909546593755,44.98170124320126,78.35036682615629,7.0,15.524550780565011,7,148.2455078056501,57.25957320457323,inf,inf
2150,2023-09-04,Цай Хаан1ш жижиглэнгийн  ууттай MNG,15.0,4935.0,15.69795918367347,16.744897959183675,16.64761904761905,16.518367346938774,12,0.0,18.26950635475636,11.263673469387754,127.88654448329451,78.84571428571428,7.0,16.05134808853119,7,153.51348088531188,175.6950635475636,inf,inf
2151,2023-09-05,Цай Хаан1ш жижиглэнгийн  ууттай MNG,28.0,9532.0,16.005442176870748,17.397959183673468,16.929251700680272,17.13469387755102,12,0.0,16.424291042291046,12.044402018872065,114.97003729603732,84.31081413210445,7.0,16.360617673462905,7,156.60617673462906,157.24291042291046,inf,inf
2152,2023-09-06,Цай Хаан1ш жижиглэнгийн  ууттай MNG,16.0,5434.0,15.727891156462585,18.56377551020408,16.797278911564625,16.9156462585034,12,0.0,14.934522560772562,12.12070221637042,104.54165792540793,84.84491551459294,7.0,16.539686419890888,7,158.39686419890887,142.3452256077256,inf,inf
2153,2023-09-07,Цай Хаан1ш жижиглэнгийн  ууттай MNG,19.0,6631.0,16.266666666666666,19.400510204081634,16.737414965986396,17.04625850340136,12,0.0,16.75275210900211,12.143174603174602,117.26926476301477,85.00222222222222,7.0,17.10137039076146,7,164.0137039076146,160.52752109002108,inf,inf
2154,2023-09-08,Цай Хаан1ш жижиглэнгийн  ууттай MNG,23.0,7667.0,16.804081632653062,19.607142857142858,16.51156462585034,17.368707482993198,12,0.0,18.974835775335777,11.757114427860696,132.82385042735044,82.29980099502487,7.0,17.354717217609274,7,166.54717217609274,182.74835775335777,inf,inf
2155,2023-09-09,Цай Хаан1ш жижиглэнгийн  ууттай MNG,4.0,1396.0,17.25170068027211,18.005102040816325,15.751020408163265,18.077551020408162,12,0.0,9.282327894327894,12.189874686716792,64.97629526029526,85.32912280701754,7.0,16.782559099503427,7,160.82559099503428,85.82327894327894,inf,inf
2156,2023-09-10,Цай Хаан1ш жижиглэнгийн  ууттай MNG,6.0,2094.0,17.3265306122449,15.650510204081632,14.579591836734695,17.722448979591835,12,0.0,8.138303488178492,12.236445753559156,56.96812441724944,85.6551202749141,7.0,15.99109716203386,7,152.91097162033861,74.38303488178492,inf,inf
2157,2023-09-11,Цай Хаан1ш жижиглэнгийн  ууттай MNG,8.0,2792.0,17.785034013605443,15.39795918367347,14.428571428571429,17.538775510204083,12,0.0,15.75730401542902,13.07344262295082,110.30112810800314,91.51409836065574,7.0,16.249741569422742,7,155.4974156942274,150.5730401542902,inf,inf
2158,2023-09-12,Цай Хаан1ш жижиглэнгийн  ууттай MNG,21.0,7179.0,17.91156462585034,16.346938775510203,14.92517006802721,17.810884353741496,12,0.0,18.576475024975014,13.370923117850491,130.0353251748251,93.59646182495344,7.0,16.647618995654174,7,159.47618995654173,178.76475024975014,inf,inf
2159,2023-09-13,Цай Хаан1ш жижиглэнгийн  ууттай MNG,14.0,4886.0,17.629931972789116,16.247448979591837,14.771428571428572,18.337414965986394,12,0.0,17.137742479742474,13.561428571428571,119.96419735819732,94.93,7.0,16.267318761085086,7,155.67318761085085,164.37742479742474,inf,inf
2160,2023-09-14,Цай Хаан1ш жижиглэнгийн  ууттай MNG,39.0,13071.0,17.52108843537415,14.954081632653061,14.040816326530612,18.759183673469387,12,0.0,20.650832042957045,12.358691983122364,144.55582430069933,86.51084388185654,7.0,15.622597467185308,7,149.22597467185307,199.50832042957046,inf,inf
2161,2023-09-15,Цай Хаан1ш жижиглэнгийн  ууттай MNG,19.0,6511.0,17.857142857142858,13.681122448979592,13.30748299319728,18.68027210884354,12,0.0,15.892694597069593,13.543809523809523,111.24886217948715,94.80666666666666,7.0,15.42385415892504,7,147.23854158925042,151.92694597069593,inf,inf
2162,2023-09-16,Цай Хаан1ш жижиглэнгийн  ууттай MNG,20.0,6620.0,16.889795918367348,13.275510204081632,13.168707482993197,17.454421768707483,12,0.0,10.891411949161954,15.254216791979948,76.23988364413368,106.77951754385964,7.0,14.82761971044556,7,141.2761971044556,101.91411949161954,inf,inf
2163,2023-09-17,Цай Хаан1ш жижиглэнгийн  ууттай MNG,4.0,1396.0,16.250340136054422,12.75,13.017687074829931,16.625850340136054,12,0.0,7.818719638204936,16.67243070362473,54.73103746743455,116.70701492537312,7.0,14.37013171225937,7,136.7013171225937,71.18719638204936,inf,inf
2164,2023-09-18,Цай Хаан1ш жижиглэнгийн  ууттай MNG,58.0,19462.0,17.13061224489796,12.693877551020408,12.953741496598639,16.64761904761905,12,0.0,37.091790764790765,16.484559270516716,259.6425353535354,115.39191489361701,7.0,14.954612818648217,7,142.54612818648218,363.91790764790767,inf,inf
2165,2023-09-19,Цай Хаан1ш жижиглэнгийн  ууттай MNG,43.0,14557.0,16.72517006802721,13.51530612244898,13.606802721088435,16.929251700680272,12,0.0,32.21876010101009,18.421006036217307,225.53132070707062,128.94704225352115,7.0,14.96647727788375,7,142.6647727788375,315.18760101010093,inf,inf
2166,2023-09-20,Цай Хаан1ш жижиглэнгийн  ууттай MNG,26.0,8594.0,16.21360544217687,13.35204081632653,13.53061224489796,16.797278911564625,12,0.0,37.65136582861582,19.44152002522863,263.55956080031075,136.0906401766004,7.0,14.576140833297519,7,138.76140833297518,369.51365828615826,inf,inf
2167,2023-09-21,Цай Хаан1ш жижиглэнгийн  ууттай MNG,24.0,8256.0,16.503401360544217,13.395408163265307,13.814965986394558,16.737414965986396,12,0.0,21.078163752913746,20.661800486618,147.5471462703962,144.63260340632598,7.0,14.86932879394645,7,141.69328793946448,203.78163752913747,inf,inf
2168,2023-09-22,Цай Хаан1ш жижиглэнгийн  ууттай MNG,25.0,8545.0,16.197278911564627,12.96938775510204,13.795918367346939,16.51156462585034,12,0.0,33.74972051559551,20.20372549019608,236.24804360916858,141.42607843137256,7.0,14.588991542562972,7,138.88991542562974,330.49720515595516,inf,inf
2169,2023-09-23,Цай Хаан1ш жижиглэнгийн  ууттай MNG,19.0,6511.0,15.198639455782313,13.339285714285714,13.812244897959184,15.751020408163265,12,0.0,13.814611915861915,20.41115646258503,96.7022834110334,142.8780952380952,7.0,14.148257999234936,7,134.48257999234937,131.14611915861914,inf,inf
2170,2023-09-24,Цай Хаан1ш жижиглэнгийн  ууттай MNG,25.0,8305.0,14.236734693877551,12.880102040816327,13.606802721088435,14.579591836734695,12,0.0,15.322468448218444,21.19290508149568,107.25727913752911,148.35033557046978,7.0,13.571926506044747,7,128.71926506044747,146.22468448218444,inf,inf
2171,2023-09-25,Цай Хаан1ш жижиглэнгийн  ууттай MNG,36.0,12204.0,14.963265306122448,12.60204081632653,13.706122448979592,14.428571428571429,12,0.0,36.50937977300477,21.27924812030075,255.56565841103338,148.95473684210526,7.0,14.065599976907311,7,133.6559997690731,358.09379773004764,inf,inf
2172,2023-09-26,Цай Хаан1ш жижиглэнгийн  ууттай MNG,30.0,10230.0,14.93061224489796,13.857142857142858,14.208163265306123,14.92517006802721,12,0.0,36.15522274947275,21.984905335628223,253.08655924630924,153.89433734939757,7.0,14.408861830967576,7,137.08861830967575,354.5522274947275,inf,inf
2173,2023-09-27,Цай Хаан1ш жижиглэнгийн  ууттай MNG,40.0,13810.0,14.731972789115646,13.732142857142858,14.3578231292517,14.771428571428572,12,0.0,33.889890151515154,23.377254901960782,237.22923106060608,163.64078431372548,7.0,14.31667229174068,7,136.1667229174068,331.8989015151515,inf,inf
2174,2023-09-28,Цай Хаан1ш жижиглэнгийн  ууттай MNG,30.0,10170.0,14.893877551020408,14.454081632653061,14.453061224489796,14.040816326530612,12,0.0,33.96300747863248,25.70804170188785,237.74105235042734,179.95629191321495,7.0,14.889252343379212,7,141.89252343379212,332.63007478632477,inf,inf
2175,2023-09-29,Цай Хаан1ш жижиглэнгийн  ууттай MNG,23.0,8027.0,15.046258503401361,14.494897959183673,14.69795918367347,13.30748299319728,12,0.0,35.19183066933069,27.259825072886294,246.34281468531483,190.81877551020406,7.0,15.335214486367086,7,146.35214486367084,344.91830669330693,inf,inf
3476,2023-08-01,Цай Хаантан 12гр ширхэгээр хийцтэй сүүтэй нь цайны идээ давс MNG,8.0,2792.0,16.402721088435374,14.01530612244898,16.19455782312925,13.6,12,0.0,16.71147494172494,11.733333333333333,116.98032459207458,82.13333333333333,7.0,16.488633116511913,7,157.88633116511915,160.1147494172494,inf,inf
3477,2023-08-02,Цай Хаантан 12гр ширхэгээр хийцтэй сүүтэй нь цайны идээ давс MNG,22.0,7678.0,16.34013605442177,16.647959183673468,17.80952380952381,13.269387755102041,12,0.0,22.55552222777223,11.6,157.8886555944056,81.2,7.0,18.141318422170468,7,174.41318422170468,218.5552222777223,inf,inf
3478,2023-08-03,Цай Хаантан 12гр ширхэгээр хийцтэй сүүтэй нь цайны идээ давс MNG,6.0,2094.0,16.37687074829932,16.581632653061224,17.802721088435373,13.122448979591837,12,0.0,22.882183435845203,12.466666666666669,160.17528405091642,87.26666666666668,7.0,18.212508225685298,7,175.12508225685298,221.82183435845204,inf,inf
3479,2023-08-04,Цай Хаантан 12гр ширхэгээр хийцтэй сүүтэй нь цайны идээ давс MNG,16.0,5314.0,16.2,17.48469387755102,18.05170068027211,13.11156462585034,12,0.0,17.708568542568543,12.0,123.9599797979798,84.0,7.0,18.561757342555158,7,178.61757342555157,170.08568542568543,inf,inf
3480,2023-08-05,Цай Хаантан 12гр ширхэгээр хийцтэй сүүтэй нь цайны идээ давс MNG,17.0,5933.0,15.457142857142857,17.836734693877553,18.05442176870748,13.062585034013605,12,0.0,8.345709679209682,12.2,58.41996775446777,85.39999999999999,7.0,18.215900512064007,7,175.15900512064007,76.45709679209682,inf,inf
3481,2023-08-06,Цай Хаантан 12гр ширхэгээр хийцтэй сүүтэй нь цайны идээ давс MNG,4.0,1396.0,15.17687074829932,17.775510204081634,17.55374149659864,12.631292517006802,12,0.0,7.987511377511378,0.0,55.912579642579644,0.0,7.0,18.034611957665444,7,173.34611957665444,72.87511377511379,inf,inf
3482,2023-08-07,Цай Хаантан 12гр ширхэгээр хийцтэй сүүтэй нь цайны идээ давс MNG,14.0,4886.0,16.05442176870748,17.4515306122449,17.398639455782313,12.476190476190476,12,0.0,11.276562437562443,0.0,78.9359370629371,0.0,7.0,18.539191425752414,7,178.39191425752415,105.76562437562444,inf,inf
3483,2023-08-08,Цай Хаантан 12гр ширхэгээр хийцтэй сүүтэй нь цайны идээ давс MNG,11.0,3839.0,16.006802721088434,18.71938775510204,18.285714285714285,13.289795918367346,12,0.0,13.558099234099236,0.0,94.90669463869466,0.0,7.0,18.93168363168363,7,182.3168363168363,128.58099234099237,inf,inf
3484,2023-08-09,Цай Хаантан 12гр ширхэгээр хийцтэй сүүтэй нь цайны идээ давс MNG,18.0,6282.0,16.008163265306123,21.456632653061224,18.02312925170068,14.92108843537415,12,0.0,11.927300338550335,0.0,83.49110236985234,0.0,7.0,18.980931193394653,7,182.80931193394653,112.27300338550336,inf,inf
3485,2023-08-10,Цай Хаантан 12гр ширхэгээр хийцтэй сүүтэй нь цайны идээ давс MNG,17.0,5933.0,16.021768707482995,18.632653061224488,16.974149659863947,14.628571428571428,12,0.0,16.41449933399933,0.0,114.90149533799531,0.0,7.0,17.70131453474247,7,170.01314534742468,157.1449933399933,inf,inf
3486,2023-08-11,Цай Хаантан 12гр ширхэгээр хийцтэй сүүтэй нь цайны идээ давс MNG,22.0,7558.0,16.14965986394558,18.95408163265306,17.110204081632652,15.210884353741497,12,0.0,18.12566286491286,0.0,126.87964005439002,0.0,7.0,17.70100154551982,7,170.0100154551982,174.25662864912863,inf,inf
3487,2023-08-12,Цай Хаантан 12гр ширхэгээр хийцтэй сүүтэй нь цайны идээ давс MNG,12.0,4068.0,15.484353741496598,18.181122448979593,16.771428571428572,15.472108843537415,12,0.0,8.258481462981464,0.0,57.80937024087025,0.0,7.0,16.751429691556538,7,160.51429691556538,75.58481462981464,inf,inf
3488,2023-08-13,Цай Хаантан 12гр ширхэгээр хийцтэй сүүтэй нь цайны идээ давс MNG,12.0,4188.0,15.54829931972789,17.071428571428573,16.295238095238094,15.58095238095238,12,0.0,9.000183205683207,0.0,63.00128243978245,0.0,7.0,16.240022412387937,7,155.40022412387935,83.00183205683207,inf,inf
3489,2023-08-14,Цай Хаантан 12гр ширхэгээр хийцтэй сүүтэй нь цайны идээ давс MNG,25.0,8545.0,15.931972789115646,16.132653061224488,16.059863945578233,15.531972789115645,12,0.0,21.336068729516096,0.0,149.3524811066127,0.0,7.0,16.156668883390775,7,154.56668883390776,206.36068729516097,inf,inf
3490,2023-08-15,Цай Хаантан 12гр ширхэгээр хийцтэй сүүтэй нь цайны идээ давс MNG,12.0,4188.0,15.874829931972789,17.716836734693878,16.789115646258505,16.19455782312925,12,0.0,19.498674866799863,0.0,136.49072406759905,0.0,7.0,16.62256574544461,7,159.2256574544461,187.98674866799863,inf,inf
3491,2023-08-16,Цай Хаантан 12гр ширхэгээр хийцтэй сүүтэй нь цайны идээ давс MNG,30.0,10080.0,15.382312925170067,17.443877551020407,16.80544217687075,17.80952380952381,12,0.0,20.74810889110889,0.0,145.2367622377622,0.0,7.0,15.705742244949926,7,150.05742244949926,200.48108891108888,inf,inf
3492,2023-08-17,Цай Хаантан 12гр ширхэгээр хийцтэй сүүтэй нь цайны идээ давс MNG,13.0,4537.0,15.54421768707483,15.081632653061224,15.402721088435374,17.802721088435373,12,0.0,22.40913245088245,0.0,156.86392715617714,0.0,7.0,14.795491852071361,7,140.95491852071362,217.0913245088245,inf,inf
3493,2023-08-18,Цай Хаантан 12гр ширхэгээр хийцтэй сүүтэй нь цайны идээ давс MNG,13.0,4537.0,15.533333333333333,15.283163265306122,16.55374149659864,18.05170068027211,12,0.0,17.563138999889,0.0,122.941972999223,0.0,7.0,15.077815865342217,7,143.77815865342217,168.63138999888997,inf,inf
3494,2023-08-19,Цай Хаантан 12гр ширхэгээр хийцтэй сүүтэй нь цайны идээ давс MNG,8.0,2792.0,14.929251700680272,15.084183673469388,16.8,18.05442176870748,12,0.0,9.004196359196358,0.0,63.02937451437451,0.0,7.0,14.661316431621632,7,139.6131643162163,83.04196359196358,inf,inf
3495,2023-08-20,Цай Хаантан 12гр ширхэгээр хийцтэй сүүтэй нь цайны идээ давс MNG,7.0,2323.0,14.9578231292517,14.53826530612245,16.36190476190476,17.55374149659864,12,0.0,10.065029942279947,0.0,70.45520959595963,0.0,7.0,14.535826800569861,7,138.35826800569862,93.65029942279948,inf,inf
3496,2023-08-21,Цай Хаантан 12гр ширхэгээр хийцтэй сүүтэй нь цайны идээ давс MNG,22.0,7558.0,15.672108843537416,14.974489795918368,16.518367346938774,17.398639455782313,12,0.0,19.32993093018092,13.430476190476188,135.30951651126645,94.01333333333332,7.0,15.235535948348687,7,145.35535948348686,186.29930930180922,inf,inf
3497,2023-08-22,Цай Хаантан 12гр ширхэгээр хийцтэй сүүтэй нь цайны идээ давс MNG,26.0,8954.0,15.710204081632654,16.308673469387756,17.13469387755102,18.285714285714285,12,0.0,22.794955086580075,14.313333333333333,159.56468560606052,100.19333333333333,7.0,15.581773073068511,7,148.81773073068513,220.94955086580075,inf,inf
3498,2023-08-23,Цай Хаантан 12гр ширхэгээр хийцтэй сүүтэй нь цайны идээ давс MNG,21.0,7329.0,15.55374149659864,15.943877551020408,16.9156462585034,18.02312925170068,12,0.0,17.5292691891442,14.048333333333334,122.70488432400938,98.33833333333334,7.0,15.376867094539183,7,146.76867094539182,168.292691891442,inf,inf
3499,2023-08-24,Цай Хаантан 12гр ширхэгээр хийцтэй сүүтэй нь цайны идээ давс MNG,15.0,4995.0,15.372789115646258,16.543367346938776,17.04625850340136,16.974149659863947,12,0.0,15.443017787767785,13.165,108.10112451437449,92.155,7.0,15.745046228895532,7,150.45046228895532,147.43017787767783,inf,inf
3500,2023-08-25,Цай Хаантан 12гр ширхэгээр хийцтэй сүүтэй нь цайны идээ давс MNG,15.0,5235.0,15.26530612244898,17.84438775510204,17.368707482993198,17.110204081632652,12,0.0,16.5706525974026,12.54285714285714,115.9945681818182,87.79999999999997,7.0,16.119909278119643,7,154.19909278119644,158.706525974026,inf,inf
3501,2023-08-26,Цай Хаантан 12гр ширхэгээр хийцтэй сүүтэй нь цайны идээ давс MNG,8.0,2792.0,14.526530612244898,18.372448979591837,18.077551020408162,16.771428571428572,12,0.0,9.13048656898657,12.406666666666666,63.913405982905985,86.84666666666666,7.0,16.109548055289284,7,154.09548055289284,84.3048656898657,inf,inf
3502,2023-08-27,Цай Хаантан 12гр ширхэгээр хийцтэй сүүтэй нь цайны идээ давс MNG,19.0,6511.0,14.52108843537415,17.413265306122447,17.722448979591835,16.295238095238094,12,0.0,11.06416366966367,11.59529761904762,77.44914568764568,81.16708333333335,7.0,15.846281330600203,7,151.46281330600203,103.6416366966367,inf,inf
3503,2023-08-28,Цай Хаантан 12гр ширхэгээр хийцтэй сүүтэй нь цайны идээ давс MNG,50.0,16910.0,14.834013605442177,17.489795918367346,17.538775510204083,16.059863945578233,12,0.0,30.556296758796748,11.626616541353382,213.89407731157723,81.38631578947367,7.0,16.113925395980147,7,154.13925395980147,298.5629675879675,inf,inf
3504,2023-08-29,Цай Хаантан 12гр ширхэгээр хийцтэй сүүтэй нь цайны идээ давс MNG,23.0,7757.0,14.99047619047619,18.147959183673468,17.810884353741496,16.789115646258505,12,0.0,21.34570393495393,13.27390476190476,149.41992754467753,92.91733333333332,7.0,16.269061056351227,7,155.69061056351228,206.45703934953931,inf,inf
3505,2023-08-30,Цай Хаантан 12гр ширхэгээр хийцтэй сүүтэй нь цайны идээ давс MNG,18.0,6282.0,14.844897959183674,17.95408163265306,18.337414965986394,16.80544217687075,12,0.0,22.399312992563,13.18512315270936,156.795190947941,92.29586206896552,7.0,16.268657657687427,7,155.68657657687427,216.99312992563,inf,inf
3506,2023-08-31,Цай Хаантан 12гр ширхэгээр хийцтэй сүүтэй нь цайны идээ давс MNG,24.0,8226.0,14.685714285714285,17.895408163265305,18.759183673469387,15.402721088435374,12,0.0,24.831053529803533,13.475467980295566,173.81737470862473,94.32827586206896,7.0,16.818518357612454,7,161.18518357612453,241.31053529803535,inf,inf
3507,2023-09-01,Цай Хаантан 12гр ширхэгээр хийцтэй сүүтэй нь цайны идээ давс MNG,23.0,8027.0,14.94829931972789,18.767857142857142,18.68027210884354,16.55374149659864,12,0.0,29.08960411810412,0.0,203.62722882672884,0.0,7.0,16.8174549229571,7,161.174549229571,283.8960411810412,inf,inf
3508,2023-09-02,Цай Хаантан 12гр ширхэгээр хийцтэй сүүтэй нь цайны идээ давс MNG,10.0,3490.0,14.956462585034014,18.14030612244898,17.454421768707483,16.8,12,0.0,13.720892912642917,13.679523809523808,96.04625038850043,95.75666666666666,7.0,16.12360513228615,7,154.2360513228615,130.20892912642915,inf,inf
3509,2023-09-03,Цай Хаантан 12гр ширхэгээр хийцтэй сүүтэй нь цайны идээ давс MNG,2.0,698.0,14.85578231292517,16.81377551020408,16.625850340136054,16.36190476190476,12,0.0,12.473453504828507,13.778095238095236,87.31417453379954,96.44666666666666,7.0,15.524550780565011,7,148.2455078056501,117.73453504828507,inf,inf
3510,2023-09-04,Цай Хаантан 12гр ширхэгээр хийцтэй сүүтэй нь цайны идээ давс MNG,11.0,3839.0,15.69795918367347,16.744897959183675,16.64761904761905,16.518367346938774,12,0.0,19.549138944388936,14.020952380952382,136.84397261072255,98.14666666666668,7.0,16.05134808853119,7,153.51348088531188,188.49138944388937,inf,inf
3511,2023-09-05,Цай Хаантан 12гр ширхэгээр хийцтэй сүүтэй нь цайны идээ давс MNG,13.0,4537.0,16.005442176870748,17.397959183673468,16.929251700680272,17.13469387755102,12,0.0,17.79941206016206,14.86654761904762,124.59588442113441,104.06583333333333,7.0,16.360617673462905,7,156.60617673462906,170.99412060162058,inf,inf
3512,2023-09-06,Цай Хаантан 12гр ширхэгээр хийцтэй сүүтэй нь цайны идээ давс MNG,5.0,1745.0,15.727891156462585,18.56377551020408,16.797278911564625,16.9156462585034,12,0.0,17.649310530972297,15.747359307359307,123.54517371680608,110.23151515151515,7.0,16.539686419890888,7,158.39686419890887,169.49310530972298,inf,inf
3513,2023-09-07,Цай Хаантан 12гр ширхэгээр хийцтэй сүүтэй нь цайны идээ давс MNG,17.0,5933.0,16.266666666666666,19.400510204081634,16.737414965986396,17.04625850340136,12,0.0,13.714781787656788,16.025800865800864,96.00347251359752,112.18060606060605,7.0,17.10137039076146,7,164.0137039076146,130.14781787656787,inf,inf
3514,2023-09-08,Цай Хаантан 12гр ширхэгээр хийцтэй сүүтэй нь цайны идээ давс MNG,37.0,12373.0,16.804081632653062,19.607142857142858,16.51156462585034,17.368707482993198,12,0.0,18.19102910161733,19.77809523809524,127.33720371132132,138.4466666666667,7.0,17.354717217609274,7,166.54717217609274,174.91029101617332,inf,inf
3515,2023-09-09,Цай Хаантан 12гр ширхэгээр хийцтэй сүүтэй нь цайны идээ давс MNG,12.0,4188.0,17.25170068027211,18.005102040816325,15.751020408163265,18.077551020408162,12,0.0,9.027723970473971,22.50190476190476,63.1940677933178,157.51333333333332,7.0,16.782559099503427,7,160.82559099503428,83.27723970473971,inf,inf
3516,2023-09-10,Цай Хаантан 12гр ширхэгээр хийцтэй сүүтэй нь цайны идээ давс MNG,16.0,5464.0,17.3265306122449,15.650510204081632,14.579591836734695,17.722448979591835,12,0.0,8.158197746697748,24.91333333333333,57.107384226884236,174.39333333333332,7.0,15.99109716203386,7,152.91097162033861,74.58197746697749,inf,inf
3517,2023-09-11,Цай Хаантан 12гр ширхэгээр хийцтэй сүүтэй нь цайны идээ давс MNG,17.0,5813.0,17.785034013605443,15.39795918367347,14.428571428571429,17.538775510204083,12,0.0,19.63182778332778,26.226666666666667,137.42279448329447,183.58666666666667,7.0,16.249741569422742,7,155.4974156942274,189.3182778332778,inf,inf
3518,2023-09-12,Цай Хаантан 12гр ширхэгээр хийцтэй сүүтэй нь цайны идээ давс MNG,28.0,9772.0,17.91156462585034,16.346938775510203,14.92517006802721,17.810884353741496,12,0.0,21.90188375513375,32.38432234432234,153.31318628593624,226.69025641025638,7.0,16.647618995654174,7,159.47618995654173,212.0188375513375,inf,inf
3519,2023-09-13,Цай Хаантан 12гр ширхэгээр хийцтэй сүүтэй нь цайны идээ давс MNG,27.0,9273.0,17.629931972789116,16.247448979591837,14.771428571428572,18.337414965986394,12,0.0,27.284571511821515,36.9752380952381,190.9920005827506,258.8266666666667,7.0,16.267318761085086,7,155.67318761085085,265.84571511821514,inf,inf
3520,2023-09-14,Цай Хаантан 12гр ширхэгээр хийцтэй сүүтэй нь цайны идээ давс MNG,21.0,7329.0,17.52108843537415,14.954081632653061,14.040816326530612,18.759183673469387,12,0.0,28.21500749250751,28.17955182072829,197.50505244755257,197.25686274509803,7.0,15.622597467185308,7,149.22597467185307,275.1500749250751,inf,inf
3521,2023-09-15,Цай Хаантан 12гр ширхэгээр хийцтэй сүүтэй нь цайны идээ давс MNG,22.0,7528.0,17.857142857142858,13.681122448979592,13.30748299319728,18.68027210884354,12,0.0,24.01657878232878,22.492976190476192,168.11605147630144,157.45083333333335,7.0,15.42385415892504,7,147.23854158925042,233.1657878232878,inf,inf
3522,2023-09-16,Цай Хаантан 12гр ширхэгээр хийцтэй сүүтэй нь цайны идээ давс MNG,8.0,2792.0,16.889795918367348,13.275510204081632,13.168707482993197,17.454421768707483,12,0.0,12.281435758685756,19.71732718894009,85.97005031080029,138.02129032258063,7.0,14.82761971044556,7,141.2761971044556,115.81435758685757,inf,inf
3523,2023-09-17,Цай Хаантан 12гр ширхэгээр хийцтэй сүүтэй нь цайны идээ давс MNG,0.0,0.0,16.250340136054422,12.75,13.017687074829931,16.625850340136054,12,0.0,10.175855339105338,15.76108108108108,71.23098737373736,110.32756756756757,7.0,14.37013171225937,7,136.7013171225937,94.75855339105338,inf,inf
3524,2023-09-18,Цай Хаантан 12гр ширхэгээр хийцтэй сүүтэй нь цайны идээ давс MNG,0.0,0.0,17.13061224489796,12.693877551020408,12.953741496598639,16.64761904761905,12,0.0,14.911743506493506,13.962913165266103,104.38220454545454,97.74039215686273,7.0,14.954612818648217,7,142.54612818648218,142.11743506493505,inf,inf
3525,2023-09-19,Цай Хаантан 12гр ширхэгээр хийцтэй сүүтэй нь цайны идээ давс MNG,0.0,0.0,16.72517006802721,13.51530612244898,13.606802721088435,16.929251700680272,12,0.0,14.746200577200574,12.393684210526317,103.22340404040402,86.75578947368422,7.0,14.96647727788375,7,142.6647727788375,140.46200577200574,inf,inf
3526,2023-09-20,Цай Хаантан 12гр ширхэгээр хийцтэй сүүтэй нь цайны идээ давс MNG,31.0,10249.0,16.21360544217687,13.35204081632653,13.53061224489796,16.797278911564625,12,0.0,21.51443257559434,11.182095238095238,150.60102802916037,78.27466666666666,7.0,14.576140833297519,7,138.76140833297518,208.1443257559434,inf,inf
3527,2023-09-21,Цай Хаантан 12гр ширхэгээр хийцтэй сүүтэй нь цайны идээ давс MNG,28.0,9652.0,16.503401360544217,13.395408163265307,13.814965986394558,16.737414965986396,12,0.0,25.354625327287096,12.042172284644195,177.48237729100967,84.29520599250937,7.0,14.86932879394645,7,141.69328793946448,246.54625327287096,inf,inf
3528,2023-09-22,Цай Хаантан 12гр ширхэгээр хийцтэй сүүтэй нь цайны идээ давс MNG,1.0,349.0,16.197278911564627,12.96938775510204,13.795918367346939,16.51156462585034,12,0.0,15.88550281091458,13.695238095238096,111.19851967640207,95.86666666666667,7.0,14.588991542562972,7,138.88991542562974,151.8550281091458,inf,inf
3529,2023-09-23,Цай Хаантан 12гр ширхэгээр хийцтэй сүүтэй нь цайны идээ давс MNG,0.0,0.0,15.198639455782313,13.339285714285714,13.812244897959184,15.751020408163265,12,0.0,4.077959873459874,13.167619047619048,28.545719114219118,92.17333333333335,7.0,14.148257999234936,7,134.48257999234937,33.77959873459874,inf,inf
3530,2023-09-24,Цай Хаантан 12гр ширхэгээр хийцтэй сүүтэй нь цайны идээ давс MNG,4.0,1396.0,14.236734693877551,12.880102040816327,13.606802721088435,14.579591836734695,12,0.0,4.986833610833611,11.652137791286728,34.907835275835275,81.5649645390071,7.0,13.571926506044747,7,128.71926506044747,42.86833610833611,inf,inf
3531,2023-09-25,Цай Хаантан 12гр ширхэгээр хийцтэй сүүтэй нь цайны идээ давс MNG,39.0,13461.0,14.963265306122448,12.60204081632653,13.706122448979592,14.428571428571429,12,0.0,21.574095543345543,11.043035060177916,151.0186688034188,77.30124542124541,7.0,14.065599976907311,7,133.6559997690731,208.74095543345544,inf,inf
3532,2023-09-26,Цай Хаантан 12гр ширхэгээр хийцтэй сүүтэй нь цайны идээ давс MNG,41.0,14069.0,14.93061224489796,13.857142857142858,14.208163265306123,14.92517006802721,12,0.0,38.04380086580087,12.576453900709218,266.3066060606061,88.03517730496452,7.0,14.408861830967576,7,137.08861830967575,373.4380086580087,inf,inf
3533,2023-09-27,Цай Хаантан 12гр ширхэгээр хийцтэй сүүтэй нь цайны идээ давс MNG,37.0,12913.0,14.731972789115646,13.732142857142858,14.3578231292517,14.771428571428572,12,0.0,23.192562770562773,13.79648033126294,162.3479393939394,96.57536231884058,7.0,14.31667229174068,7,136.1667229174068,224.92562770562773,inf,inf
3534,2023-09-28,Цай Хаантан 12гр ширхэгээр хийцтэй сүүтэй нь цайны идээ давс MNG,57.0,19173.0,14.893877551020408,14.454081632653061,14.453061224489796,14.040816326530612,12,0.0,25.92999250749251,13.996488095238094,181.50994755244758,97.97541666666666,7.0,14.889252343379212,7,141.89252343379212,252.2999250749251,inf,inf
3535,2023-09-29,Цай Хаантан 12гр ширхэгээр хийцтэй сүүтэй нь цайны идээ давс MNG,24.0,8376.0,15.046258503401361,14.494897959183673,14.69795918367347,13.30748299319728,12,0.0,31.943465118215137,15.818095238095236,223.60425582750597,110.72666666666665,7.0,15.335214486367086,7,146.35214486367084,312.43465118215136,inf,inf
3748,2023-08-01,Тахиан махан буррито 240гр байцаатай Жодоо мод MNG,8.0,36392.0,16.402721088435374,14.01530612244898,16.19455782312925,13.6,12,30.0,16.346055824292666,21.77809523809524,198.84478154009733,274.8933333333334,12.0,16.488633116511913,14,236.3067629807025,233.8829490129753,inf,inf
3749,2023-08-02,Тахиан махан буррито 240гр байцаатай Жодоо мод MNG,4.0,18196.0,16.34013605442177,16.647959183673468,17.80952380952381,13.269387755102041,12,46.0,11.550255133755131,15.278095238095238,115.70357187257184,167.89333333333335,12.0,18.141318422170468,14,248.40241317689794,136.35433727383725,inf,inf
3750,2023-08-03,Тахиан махан буррито 240гр байцаатай Жодоо мод MNG,11.0,50039.0,16.37687074829932,16.581632653061224,17.802721088435373,13.122448979591837,12,35.0,15.210394744144754,14.38958333333333,177.94552641802656,166.45416666666662,12.0,18.212508225685298,14,260.61263983665003,209.57671065046083,inf,inf
3751,2023-08-04,Тахиан махан буррито 240гр байцаатай Жодоо мод MNG,6.0,27294.0,16.2,17.48469387755102,18.05170068027211,13.11156462585034,12,46.0,8.550234903984899,11.665238095238095,73.70328865578858,117.31333333333333,12.0,18.561757342555158,14,255.54987482343768,85.35399336774327,inf,inf
3752,2023-08-05,Тахиан махан буррито 240гр байцаатай Жодоо мод MNG,1.0,4549.0,15.457142857142857,17.836734693877553,18.05442176870748,13.062585034013605,12,45.0,1.18753354978355,12.607629748528623,-28.3745303030303,131.50681647940073,12.0,18.215900512064007,14,250.67030870508813,-38.811929653679655,inf,inf
3753,2023-08-06,Тахиан махан буррито 240гр байцаатай Жодоо мод MNG,0.0,0.0,15.17687074829932,17.775510204081634,17.55374149659864,12.631292517006802,12,56.0,0.8086873959373964,11.096190476190475,-44.67837645687645,99.34666666666666,12.0,18.034611957665444,14,236.58840328031255,-56.252314269064264,inf,inf
3754,2023-08-07,Тахиан махан буррито 240гр байцаатай Жодоо мод MNG,8.0,36392.0,16.05442176870748,17.4515306122449,17.398639455782313,12.476190476190476,12,56.0,6.985171855921858,10.862857142857145,41.79240598290602,96.08000000000004,12.0,18.539191425752414,14,245.166254237791,48.74792155067159,inf,inf
3755,2023-08-08,Тахиан махан буррито 240гр байцаатай Жодоо мод MNG,4.0,18196.0,16.006802721088434,18.71938775510204,18.285714285714285,13.289795918367346,12,52.0,5.757066766566766,10.927619047619048,28.59893473193472,100.98666666666668,12.0,18.93168363168363,14,255.83862173862173,31.870135031635016,inf,inf
3756,2023-08-09,Тахиан махан буррито 240гр байцаатай Жодоо мод MNG,6.0,27294.0,16.008163265306123,21.456632653061224,18.02312925170068,14.92108843537415,12,46.0,7.835855949605948,9.307326007326008,63.70198329448327,84.3025641025641,12.0,18.980931193394653,14,262.6758302877091,73.20955114330113,inf,inf
3757,2023-08-10,Тахиан махан буррито 240гр байцаатай Жодоо мод MNG,7.0,31843.0,16.021768707482995,18.632653061224488,16.974149659863947,14.628571428571428,12,39.0,4.074126123876123,10.74952380952381,18.037765734265726,111.49333333333334,12.0,17.70131453474247,14,247.922347090622,16.2601441058941,inf,inf
3758,2023-08-11,Тахиан махан буррито 240гр байцаатай Жодоо мод MNG,6.0,27294.0,16.14965986394558,18.95408163265306,17.110204081632652,15.210884353741497,12,53.0,5.0569264909926686,9.330522648083624,17.796970873897365,77.62731707317073,12.0,17.70100154551982,14,233.91702627383694,18.967750346875363,inf,inf
3759,2023-08-12,Тахиан махан буррито 240гр байцаатай Жодоо мод MNG,5.0,22745.0,15.484353741496598,18.181122448979593,16.771428571428572,15.472108843537415,12,48.0,1.7061850094350095,9.501428571428573,-24.113409867909866,85.02000000000001,12.0,16.751429691556538,14,222.77430475646116,-32.99485483960484,inf,inf
3760,2023-08-13,Тахиан махан буррито 240гр байцаатай Жодоо мод MNG,0.0,0.0,15.54829931972789,17.071428571428573,16.295238095238094,15.58095238095238,12,41.0,1.2901045621045626,8.366666666666667,-22.938536130536125,76.13333333333334,12.0,16.240022412387937,14,221.08038101059492,-33.068222444222435,inf,inf
3761,2023-08-14,Тахиан махан буррито 240гр байцаатай Жодоо мод MNG,7.0,31843.0,15.931972789115646,16.132653061224488,16.059863945578233,15.531972789115645,12,41.0,5.711263902763904,8.32,38.95769463869466,75.48,12.0,16.156668883390775,14,219.66337101764316,42.09148634698637,inf,inf
3762,2023-08-15,Тахиан махан буррито 240гр байцаатай Жодоо мод MNG,6.0,27294.0,15.874829931972789,17.716836734693878,16.789115646258505,16.19455782312925,12,35.0,5.663038544788546,8.487047619047619,44.28253962703964,83.81866666666667,12.0,16.62256574544461,14,233.58361767255838,47.271655261405286,inf,inf
3763,2023-08-16,Тахиан махан буррито 240гр байцаатай Жодоо мод MNG,13.0,59137.0,15.382312925170067,17.443877551020407,16.80544217687075,17.80952380952381,12,42.0,11.592001304251308,7.784880952380952,120.28801825951831,66.98833333333333,12.0,15.705742244949926,14,210.99761816414872,141.06402217227225,inf,inf
3764,2023-08-17,Тахиан махан буррито 240гр байцаатай Жодоо мод MNG,7.0,31843.0,15.54421768707483,15.081632653061224,15.402721088435374,17.802721088435373,12,35.0,6.86567521367521,8.580714285714285,61.119452991452945,85.12999999999998,12.0,14.795491852071361,14,202.52336148521314,67.71647863247858,inf,inf
3765,2023-08-18,Тахиан махан буррито 240гр байцаатай Жодоо мод MNG,4.0,18196.0,15.533333333333333,15.283163265306122,16.55374149659864,18.05170068027211,12,38.0,6.464235250860249,8.10455205811138,52.499293512043494,75.46372881355933,12.0,15.077815865342217,14,204.3228697108177,57.891999264624246,inf,inf
3766,2023-08-19,Тахиан махан буррито 240гр байцаатай Жодоо мод MNG,2.0,9098.0,14.929251700680272,15.084183673469388,16.8,18.05442176870748,12,36.0,1.6210877733377738,8.348062703342206,-13.304771173271167,80.87287784679089,12.0,14.661316431621632,14,199.24237933756774,-22.441507853257846,inf,inf
3767,2023-08-20,Тахиан махан буррито 240гр байцаатай Жодоо мод MNG,1.0,4549.0,14.9578231292517,14.53826530612245,16.36190476190476,17.55374149659864,12,35.0,0.9331053391053395,7.861904761904761,-21.936525252525247,75.06666666666665,12.0,14.535826800569861,14,198.10905560968763,-33.13720923520923,inf,inf
3768,2023-08-21,Тахиан махан буррито 240гр байцаатай Жодоо мод MNG,19.0,86431.0,15.672108843537416,14.974489795918368,16.518367346938774,17.398639455782313,12,36.0,12.504571012321014,7.861904761904761,139.0639941724942,74.06666666666665,12.0,15.235535948348687,14,209.00411112192768,162.57770720945723,inf,inf
3769,2023-08-22,Тахиан махан буррито 240гр байцаатай Жодоо мод MNG,1.0,4549.0,15.710204081632654,16.308673469387756,17.13469387755102,18.285714285714285,12,35.0,7.460821955821953,8.069523809523808,69.45150738150734,77.97333333333331,12.0,15.581773073068511,14,215.8901422421647,77.83397324897321,inf,inf
3770,2023-08-23,Тахиан махан буррито 240гр байцаатай Жодоо мод MNG,15.0,68235.0,15.55374149659864,15.943877551020408,16.9156462585034,18.02312925170068,12,35.0,7.868951909201908,8.379285714285714,75.1653267288267,82.31,12.0,15.376867094539183,14,212.4067406071661,84.77218245643243,inf,inf
3771,2023-08-24,Тахиан махан буррито 240гр байцаатай Жодоо мод MNG,0.0,0.0,15.372789115646258,16.543367346938776,17.04625850340136,16.974149659863947,12,40.0,3.887635697635699,9.48,14.426899766899787,92.72,12.0,15.745046228895532,14,213.66578589122406,12.089806859806885,inf,inf
3772,2023-08-25,Тахиан махан буррито 240гр байцаатай Жодоо мод MNG,15.0,68235.0,15.26530612244898,17.84438775510204,17.368707482993198,17.110204081632652,12,40.0,11.852001110001106,9.165,125.92801554001548,88.31,12.0,16.119909278119643,14,220.0384577280339,147.48401887001882,inf,inf
3773,2023-08-26,Тахиан махан буррито 240гр байцаатай Жодоо мод MNG,3.0,13647.0,14.526530612244898,18.372448979591837,18.077551020408162,16.771428571428572,12,37.0,3.2615620490620487,9.886214689265536,8.66186868686868,101.40700564971752,12.0,16.109548055289284,14,222.86231693991783,4.4465548340548295,inf,inf
3774,2023-08-27,Тахиан махан буррито 240гр байцаатай Жодоо мод MNG,2.0,9098.0,14.52108843537415,17.413265306122447,17.722448979591835,16.295238095238094,12,35.0,0.4716598124098122,9.4525468164794,-28.39676262626263,97.3356554307116,12.0,15.846281330600203,14,220.38678262020346,-40.981783189033195,inf,inf
3775,2023-08-28,Тахиан махан буррито 240гр байцаатай Жодоо мод MNG,12.0,54588.0,14.834013605442177,17.489795918367346,17.538775510204083,16.059863945578233,12,3.0,9.87156105006105,9.205311355311355,135.2018547008547,125.87435897435898,12.0,16.113925395980147,14,256.93673173166246,150.81653785103785,inf,inf
3776,2023-08-29,Тахиан махан буррито 240гр байцаатай Жодоо мод MNG,3.0,13647.0,14.99047619047619,18.147959183673468,17.810884353741496,16.789115646258505,12,0.0,7.648485014985012,9.892705389848246,107.07879020979017,138.49787545787544,12.0,16.269061056351227,14,262.57403795797086,116.02424525474521,inf,inf
3777,2023-08-30,Тахиан махан буррито 240гр байцаатай Жодоо мод MNG,11.0,50039.0,14.844897959183674,17.95408163265306,18.337414965986394,16.80544217687075,12,9.0,9.609641927516927,8.89770782889427,125.53498698523697,115.56790960451977,12.0,16.268657657687427,14,253.56718018068625,140.36391276778775,inf,inf
3778,2023-08-31,Тахиан махан буррито 240гр байцаатай Жодоо мод MNG,9.0,40941.0,14.685714285714285,17.895408163265305,18.759183673469387,15.402721088435374,12,0.0,8.519152014652015,7.954514896867838,119.2681282051282,111.36320855614974,12.0,16.818518357612454,14,271.9148120794117,130.82558424908424,inf,inf
3779,2023-09-01,Тахиан махан буррито 240гр байцаатай Жодоо мод MNG,9.0,40941.0,14.94829931972789,18.767857142857142,18.68027210884354,16.55374149659864,12,11.0,8.42963805638806,8.257289377289379,107.01493278943283,104.60205128205129,12.0,16.8174549229571,14,260.8967336902707,118.303846958597,inf,inf
3780,2023-09-02,Тахиан махан буррито 240гр байцаатай Жодоо мод MNG,8.0,36392.0,14.956462585034014,18.14030612244898,17.454421768707483,16.8,12,3.0,2.488605089355089,7.995550595238095,31.84047125097124,108.93770833333333,12.0,16.12360513228615,14,257.1012872488646,25.30628651903651,inf,inf
3781,2023-09-03,Тахиан махан буррито 240гр байцаатай Жодоо мод MNG,0.0,0.0,14.85578231292517,16.81377551020408,16.625850340136054,16.36190476190476,12,4.0,0.7068238983238986,8.13898960599468,5.89553457653458,109.94585448392553,12.0,15.524550780565011,14,245.91736326960518,-5.983993728493724,inf,inf
3782,2023-09-04,Тахиан махан буррито 240гр байцаатай Жодоо мод MNG,13.0,59137.0,15.69795918367347,16.744897959183675,16.64761904761905,16.518367346938774,12,4.0,12.859532800532802,8.045656272661349,176.03345920745923,108.63918781725889,12.0,16.05134808853119,14,254.87291750503022,200.61205760905764,inf,inf
3783,2023-09-05,Тахиан махан буррито 240гр байцаатай Жодоо мод MNG,7.0,31843.0,16.005442176870748,17.397959183673468,16.929251700680272,17.13469387755102,12,0.0,7.09996126096126,9.09492385786802,99.39945765345765,127.32893401015228,12.0,16.360617673462905,14,264.1305004488694,106.69934143634143,inf,inf
3784,2023-09-06,Тахиан махан буррито 240гр байцаатай Жодоо мод MNG,6.0,27294.0,15.727891156462585,18.56377551020408,16.797278911564625,16.9156462585034,12,10.0,12.096143578643575,9.109565217391305,159.34601010101005,117.53391304347826,12.0,16.539686419890888,14,257.1746691381451,181.63444083694077,inf,inf
3785,2023-09-07,Тахиан махан буррито 240гр байцаатай Жодоо мод MNG,10.0,45490.0,16.266666666666666,19.400510204081634,16.737414965986396,17.04625850340136,12,0.0,8.847019605394602,8.090321750321749,123.85827447552442,113.26450450450449,12.0,17.10137039076146,14,276.72329664294483,136.39933329170822,inf,inf
3786,2023-09-08,Тахиан махан буррито 240гр байцаатай Жодоо мод MNG,8.0,36392.0,16.804081632653062,19.607142857142858,16.51156462585034,17.368707482993198,12,12.0,10.041270895770896,8.372426303854875,128.57779254079256,105.21396825396825,12.0,17.354717217609274,14,269.03019269935766,144.70160522810525,inf,inf
3787,2023-09-09,Тахиан махан буррито 240гр байцаатай Жодоо мод MNG,8.0,36392.0,17.25170068027211,18.005102040816325,15.751020408163265,18.077551020408162,12,4.0,1.8316172438672436,7.776027633851468,21.64264141414141,104.86438687392055,12.0,16.782559099503427,14,267.30350469155826,13.13749314574314,inf,inf
3788,2023-09-10,Тахиан махан буррито 240гр байцаатай Жодоо мод MNG,0.0,0.0,17.3265306122449,15.650510204081632,14.579591836734695,17.722448979591835,12,15.0,0.9019371739371744,7.500660835762876,-2.3728795648795575,90.00925170068027,12.0,15.99109716203386,14,242.8486517545756,-13.667068043068035,inf,inf
3789,2023-09-11,Тахиан махан буррито 240гр байцаатай Жодоо мод MNG,9.0,40941.0,17.785034013605443,15.39795918367347,14.428571428571429,17.538775510204083,12,15.0,11.43284078421578,7.398184061189243,145.05977097902093,88.5745768566494,12.0,16.249741569422742,14,247.2456066801866,165.35829333166828,inf,inf
3790,2023-09-12,Тахиан махан буррито 240гр байцаатай Жодоо мод MNG,11.0,50039.0,17.91156462585034,16.346938775510203,14.92517006802721,17.810884353741496,12,4.0,7.889253330003329,6.754902541327411,106.4495466200466,90.56863557858375,12.0,16.647618995654174,14,265.00952292612095,116.1173066100566,inf,inf
3791,2023-09-13,Тахиан махан буррито 240гр байцаатай Жодоо мод MNG,7.0,31843.0,17.629931972789116,16.247448979591837,14.771428571428572,18.337414965986394,12,8.0,11.280538128538131,7.250522422561257,149.92753379953385,93.5073139158576,12.0,16.267318761085086,14,254.54441893844648,169.76914818514823,inf,inf
3792,2023-09-14,Тахиан махан буррито 240гр байцаатай Жодоо мод MNG,8.0,36392.0,17.52108843537415,14.954081632653061,14.040816326530612,18.759183673469387,12,0.0,9.422282467532463,8.582083333333333,131.91195454545448,120.14916666666667,12.0,15.622597467185308,14,251.58415694215023,146.17880194805187,inf,inf
3793,2023-09-15,Тахиан махан буррито 240гр байцаатай Жодоо мод MNG,7.0,31843.0,17.857142857142858,13.681122448979592,13.30748299319728,18.68027210884354,12,0.0,9.221708652458652,8.766872914771003,129.1039211344211,122.73622080679405,12.0,15.42385415892504,14,248.20552070172567,142.7690470917971,inf,inf
3794,2023-09-16,Тахиан махан буррито 240гр байцаатай Жодоо мод MNG,0.0,0.0,16.889795918367348,13.275510204081632,13.168707482993197,17.454421768707483,12,0.0,2.2847699522699525,8.394772727272727,31.986779331779335,117.52681818181819,12.0,14.82761971044556,14,238.06953507757453,24.841089188589194,inf,inf
3795,2023-09-17,Тахиан махан буррито 240гр байцаатай Жодоо мод MNG,0.0,0.0,16.250340136054422,12.75,13.017687074829931,16.625850340136054,12,0.0,0.5337128427128426,8.982929936305732,7.471979797979796,125.76101910828025,12.0,14.37013171225937,14,230.2922391084093,-4.926881673881676,inf,inf
3796,2023-09-18,Тахиан махан буррито 240гр байцаатай Жодоо мод MNG,6.0,27294.0,17.13061224489796,12.693877551020408,12.953741496598639,16.64761904761905,12,0.0,6.486367354867358,8.68411889596603,90.80914296814302,121.57766454352442,12.0,14.954612818648217,14,240.2284179170197,96.26824503274509,inf,inf
3797,2023-09-19,Тахиан махан буррито 240гр байцаатай Жодоо мод MNG,0.0,0.0,16.72517006802721,13.51530612244898,13.606802721088435,16.929251700680272,12,0.0,7.919499999999998,8.641188959660298,110.87299999999998,120.97664543524417,12.0,14.96647727788375,14,240.43011372402373,120.63149999999996,inf,inf
3798,2023-09-20,Тахиан махан буррито 240гр байцаатай Жодоо мод MNG,6.0,27294.0,16.21360544217687,13.35204081632653,13.53061224489796,16.797278911564625,12,0.0,5.912074508824506,7.609579831932773,82.76904312354309,106.53411764705882,12.0,14.576140833297519,14,233.79439416605783,86.5052666500166,inf,inf
3799,2023-09-21,Тахиан махан буррито 240гр байцаатай Жодоо мод MNG,0.0,0.0,16.503401360544217,13.395408163265307,13.814965986394558,16.737414965986396,12,0.0,2.450793956043956,6.702108843537414,34.311115384615384,93.82952380952379,12.0,14.86932879394645,14,238.77858949708963,27.66349725274725,inf,inf
3800,2023-09-22,Тахиан махан буррито 240гр байцаатай Жодоо мод MNG,6.0,27294.0,16.197278911564627,12.96938775510204,13.795918367346939,16.51156462585034,12,0.0,5.587769286269285,6.178869047619047,78.22877000777,86.50416666666666,12.0,14.588991542562972,14,234.01285622357054,80.99207786657786,inf,inf
3801,2023-09-23,Тахиан махан буррито 240гр байцаатай Жодоо мод MNG,0.0,0.0,15.198639455782313,13.339285714285714,13.812244897959184,15.751020408163265,12,2.0,1.7349888167388174,5.837599087539207,22.289843434343446,79.7263872255489,12.0,14.148257999234936,14,224.52038598699392,13.494809884559896,inf,inf
3802,2023-09-24,Тахиан махан буррито 240гр байцаатай Жодоо мод MNG,0.0,0.0,14.236734693877551,12.880102040816327,13.606802721088435,14.579591836734695,12,2.0,3.9426483932733936,5.668070175438595,53.19707750582751,77.35298245614034,12.0,13.571926506044747,14,214.7227506027607,51.025022685647684,inf,inf
3803,2023-09-25,Тахиан махан буррито 240гр байцаатай Жодоо мод MNG,6.0,27294.0,14.963265306122448,12.60204081632653,13.706122448979592,14.428571428571429,12,2.0,2.3098956876456875,5.26,30.338539627039623,71.64,12.0,14.065599976907311,14,223.1151996074243,23.268226689976686,inf,inf
3804,2023-09-26,Тахиан махан буррито 240гр байцаатай Жодоо мод MNG,2.0,9098.0,14.93061224489796,13.857142857142858,14.208163265306123,14.92517006802721,12,0.0,6.187273781773781,5.260892857142857,86.62183294483293,73.6525,12.0,14.408861830967576,14,230.95065112644878,91.18365429015428,inf,inf
3805,2023-09-27,Тахиан махан буррито 240гр байцаатай Жодоо мод MNG,0.0,0.0,14.731972789115646,13.732142857142858,14.3578231292517,14.771428571428572,12,0.0,5.73945682095682,4.756211031175059,80.35239549339549,66.58695443645084,12.0,14.31667229174068,14,229.38342895959155,83.57076595626594,inf,inf
3806,2023-09-28,Тахиан махан буррито 240гр байцаатай Жодоо мод MNG,0.0,0.0,14.893877551020408,14.454081632653061,14.453061224489796,14.040816326530612,12,0.0,2.5704700577200583,3.603533834586466,35.98658080808082,50.449473684210524,12.0,14.889252343379212,14,239.1172898374466,29.69799098124099,inf,inf
3807,2023-09-29,Тахиан махан буррито 240гр байцаатай Жодоо мод MNG,5.0,22745.0,15.046258503401361,14.494897959183673,14.69795918367347,13.30748299319728,12,0.0,2.521987234987235,2.7144322344322345,35.30782128982129,38.00205128205128,12.0,15.335214486367086,14,246.69864626824045,28.873782994783,inf,inf
